Chi^2 red,R^2,m,b
0.7159533612431463,0.9998619889510235,1.0052398768565767+-0.004320030057230246,-0.0014409990509285757+-4.8798178042282444e-05
