Chi^2 red,R^2,m,b
10.93967168040723,0.9998710547132125,0.9954267812792817 ± 0.0008901228355961597,0.001261399564994308 ± 4.612717250837443e-05
