Chi^2 red,R^2,m,b
2.9225749533380343,0.9982910349185189,278712.82391521806+-2566.7351474040865,20.671912829756355+-0.5888930889873536
