Chi^2 red,R^2,m,b
94940.53081324339,0.9981158326512869,0.8788518059918158+-2.7013350277321085e-05,6.53898399672136+-0.00013812219288022383
